<?xml version="1.0"?>
<doc>
    <assembly>
        <name>DependencyGraph</name>
    </assembly>
    <members>
        <!-- Badly formed XML comment ignored for member "T:SpreadsheetUtilities.DependencyGraph" -->
        <member name="M:SpreadsheetUtilities.DependencyGraph.#ctor">
            <summary>
            Creates an empty DependencyGraph.
            </summary>
        </member>
        <member name="P:SpreadsheetUtilities.DependencyGraph.Size">
            <summary>
            The number of ordered pairs in the DependencyGraph.
            </summary>
        </member>
        <member name="P:SpreadsheetUtilities.DependencyGraph.Item(System.String)">
            <summary>
            The size of dependees(s).
            This property is an example of an indexer.  If dg is a DependencyGraph, you would
            invoke it like this:
            dg["a"]
            It should return the size of dependees("a")
            Returns 0 if string has no dependees.
            </summary>
        </member>
        <member name="M:SpreadsheetUtilities.DependencyGraph.HasDependents(System.String)">
            <summary>
            Reports whether dependents(s) is non-empty.
            Dependents will be non-empty if they exist in the dependents dictionary.
            </summary>
        </member>
        <member name="M:SpreadsheetUtilities.DependencyGraph.HasDependees(System.String)">
            <summary>
            Reports whether dependees(s) is non-empty.
            Dependents will be non-empty if they exist in the dependees dictionary.
            </summary>
        </member>
        <member name="M:SpreadsheetUtilities.DependencyGraph.GetDependents(System.String)">
            <summary>
            Enumerates dependents(s). This makes a copy of the HashSet to protect data from
            being altered
            </summary>
        </member>
        <member name="M:SpreadsheetUtilities.DependencyGraph.GetDependees(System.String)">
            <summary>
            Enumerates dependees(s). This makes a copy of the HashSet to protect data from
            being altered
            </summary>
        </member>
        <member name="M:SpreadsheetUtilities.DependencyGraph.AddDependency(System.String,System.String)">
             <summary>
             <para>Adds the ordered pair (s,t), if it doesn't exist</para>
             
             <para>This should be thought of as:</para>   
             
               t depends on s
            
             </summary>
             <param name="s"> s must be evaluated first. T depends on S</param>
             <param name="t"> t cannot be evaluated until s is</param>        /// 
        </member>
        <member name="M:SpreadsheetUtilities.DependencyGraph.RemoveDependency(System.String,System.String)">
            <summary>
            Removes the ordered pair (s,t), if it exists
            </summary>
            <param name="s"></param>
            <param name="t"></param>
        </member>
        <member name="M:SpreadsheetUtilities.DependencyGraph.ReplaceDependents(System.String,System.Collections.Generic.IEnumerable{System.String})">
            <summary>
            Removes all existing ordered pairs of the form (s,r).  Then, for each
            t in newDependents, adds the ordered pair (s,t).
            </summary>
        </member>
        <member name="M:SpreadsheetUtilities.DependencyGraph.ReplaceDependees(System.String,System.Collections.Generic.IEnumerable{System.String})">
            <summary>
            Removes all existing ordered pairs of the form (r,s).  Then, for each 
            t in newDependees, adds the ordered pair (t,s).
            </summary>
        </member>
        <member name="M:SpreadsheetUtilities.DependencyGraph.LoopAddDependees(System.String,System.Collections.Generic.IEnumerable{System.String})">
            <summary>
            Makes a copy of the dependee enumerable. Then, while iterating through, adds each new
            dependency created by the replacement.
            </summary>
            <param name="dent">The dependent that is receiving new dependees</param>
            <param name="newDependees">The dependees to add</param>
        </member>
        <member name="M:SpreadsheetUtilities.DependencyGraph.LoopAddDependents(System.String,System.Collections.Generic.IEnumerable{System.String})">
            <summary>
            Makes a copy of the dependent enumerable. Then, while iterating through, adds each new
            dependency created by the replacement.
            </summary>
            <param name="dee">The dependee that is receiving new dependents</param>
            <param name="newDependents">The dependents to add</param>
        </member>
        <member name="M:SpreadsheetUtilities.DependencyGraph.CheckEmptyHash(System.String,System.Collections.Generic.Dictionary{System.String,System.Collections.Generic.HashSet{System.String}})">
            <summary>
            This private helper method will check if the given key in the dictionary
            contains a HashSet with zero items in it. If this it the case, the key will
            be deleted.
            
            This method will be called whenever a dependency is removed.
            </summary>
            <param name="s">String key to check hashsest size</param>
            <param name="d">Dictionary to remove from</param>
        </member>
        <member name="M:SpreadsheetUtilities.DependencyGraph.AddToDependentsHash(System.String,System.String)">
            <summary>
            Checks an existing key and add the dependent to its dependee if not already
            in the HashSet. 
            </summary>
            <param name="s">String dependent</param>
            <param name="t">String dependee</param>
        </member>
        <member name="M:SpreadsheetUtilities.DependencyGraph.AddToDependeesHash(System.String,System.String)">
            <summary>
            Checks an existing key and adds the dependee to its dependent if not already
            in the HashSet
            </summary>
            <param name="s">String dependent</param>
            <param name="t">String dependee</param>
        </member>
    </members>
</doc>
