<?xml version="1.0"?>
<doc>
    <assembly>
        <name>Formula</name>
    </assembly>
    <members>
        <member name="T:SpreadsheetUtilities.Formula">
            <summary>
            Represents formulas written in standard infix notation using standard precedence
            rules.  The allowed symbols are non-negative numbers written using double-precision 
            floating-point syntax; variables that consist of a letter or underscore followed by 
            zero or more letters, underscores, or digits; parentheses; and the four operator 
            symbols +, -, *, and /.  
            
            Spaces are significant only insofar that they delimit tokens.  For example, "xy" is
            a single variable, "x y" consists of two variables "x" and y; "x23" is a single variable; 
            and "x 23" consists of a variable "x" and a number "23".
            
            Associated with every formula are two delegates:  a normalizer and a validator.  The
            normalizer is used to convert variables into a canonical form, and the validator is used
            to add extra restrictions on the validity of a variable (beyond the standard requirement 
            that it consist of a letter or underscore followed by zero or more letters, underscores,
            or digits.)  Their use is described in detail in the constructor and method comments.
            </summary>
        </member>
        <member name="M:SpreadsheetUtilities.Formula.#ctor(System.String)">
            <summary>
            Creates a Formula from a string that consists of an infix expression written as
            described in the class comment.  If the expression is syntactically invalid,
            throw a FormulaFormatException with an explanatory Message.
            
            The associated normalizer is the identity function, and the associated validator
            maps every string to true.  
            </summary>
        </member>
        <member name="M:SpreadsheetUtilities.Formula.#ctor(System.String,System.Func{System.String,System.String},System.Func{System.String,System.Boolean})">
            <summary>
            Creates a Formula from a string that consists of an infix expression written as
            described in the class comment.  If the expression is syntactically incorrect,
            throws a FormulaFormatException with an explanatory Message.
            
            The associated normalizer and validator are the second and third parameters,
            respectively.  
            
            If the formula contains a variable v such that normalize(v) is not a legal variable, 
            throws a FormulaFormatException with an explanatory message. 
            
            If the formula contains a variable v such that isValid(normalize(v)) is false,
            throws a FormulaFormatException with an explanatory message.
            
            Suppose that N is a method that converts all the letters in a string to upper case, and
            that V is a method that returns true only if a string consists of one letter followed
            by one digit.  Then:
            
            new Formula("x2+y3", N, V) should succeed
            new Formula("x+y3", N, V) should throw an exception, since V(N("x")) is false
            new Formula("2x+y3", N, V) should throw an exception, since "2x+y3" is syntactically incorrect.
            </summary>
        </member>
        <member name="M:SpreadsheetUtilities.Formula.Evaluate(System.Func{System.String,System.Double})">
             <summary>
             Evaluates this Formula, using the lookup delegate to determine the values of
             variables.  When a variable symbol v needs to be determined, it should be looked up
             via lookup(normalize(v)). (Here, normalize is the normalizer that was passed to 
             the constructor.)
             
             For example, if L("x") is 2, L("X") is 4, and N is a method that converts all the letters 
             in a string to upper case:
             
             new Formula("x+7", N, s => true).Evaluate(L) is 11
             new Formula("x+7").Evaluate(L) is 9
             
             Given a variable symbol as its parameter, lookup returns the variable's value 
             (if it has one) or throws an ArgumentException (otherwise).
             
             If no undefined variables or divisions by zero are encountered when evaluating 
             this Formula, the value is returned.  Otherwise, a FormulaError is returned.  
             The Reason property of the FormulaError should have a meaningful explanation.
            
             This method should never throw an exception.
             </summary>
        </member>
        <member name="M:SpreadsheetUtilities.Formula.GetVariables">
            <summary>
            Enumerates the normalized versions of all of the variables that occur in this 
            formula.  No normalization may appear more than once in the enumeration, even 
            if it appears more than once in this Formula.
            
            For example, if N is a method that converts all the letters in a string to upper case:
            
            new Formula("x+y*z", N, s => true).GetVariables() should enumerate "X", "Y", and "Z"
            new Formula("x+X*z", N, s => true).GetVariables() should enumerate "X" and "Z".
            new Formula("x+X*z").GetVariables() should enumerate "x", "X", and "z".
            </summary>
        </member>
        <member name="M:SpreadsheetUtilities.Formula.ToString">
            <summary>
            Returns a string containing no spaces which, if passed to the Formula
            constructor, will produce a Formula f such that this.Equals(f).  All of the
            variables in the string should be normalized.
            
            For example, if N is a method that converts all the letters in a string to upper case:
            
            new Formula("x + y", N, s => true).ToString() should return "X+Y"
            new Formula("x + Y").ToString() should return "x+Y"
            </summary>
        </member>
        <member name="M:SpreadsheetUtilities.Formula.Equals(System.Object)">
            <summary>
            If obj is null or obj is not a Formula, returns false.  Otherwise, reports
            whether or not this Formula and obj are equal.
            
            Two Formulae are considered equal if they consist of the same tokens in the
            same order.  To determine token equality, all tokens are compared as strings 
            except for numeric tokens and variable tokens.
            Numeric tokens are considered equal if they are equal after being "normalized" 
            by C#'s standard conversion from string to double, then back to string. This 
            eliminates any inconsistencies due to limited floating point precision.
            Variable tokens are considered equal if their normalized forms are equal, as 
            defined by the provided normalizer.
            
            For example, if N is a method that converts all the letters in a string to upper case:
             
            new Formula("x1+y2", N, s => true).Equals(new Formula("X1  +  Y2")) is true
            new Formula("x1+y2").Equals(new Formula("X1+Y2")) is false
            new Formula("x1+y2").Equals(new Formula("y2+x1")) is false
            new Formula("2.0 + x7").Equals(new Formula("2.000 + x7")) is true
            </summary>
        </member>
        <member name="M:SpreadsheetUtilities.Formula.op_Equality(SpreadsheetUtilities.Formula,SpreadsheetUtilities.Formula)">
            <summary>
            Reports whether f1 == f2, using the notion of equality from the Equals method.
            Note that if both f1 and f2 are null, this method should return true.  If one is
            null and one is not, this method should return false.
            </summary>
        </member>
        <member name="M:SpreadsheetUtilities.Formula.op_Inequality(SpreadsheetUtilities.Formula,SpreadsheetUtilities.Formula)">
            <summary>
            Reports whether f1 != f2, using the notion of equality from the Equals method.
            Note that if both f1 and f2 are null, this method should return false.  If one is
            null and one is not, this method should return true.
            </summary>
        </member>
        <member name="M:SpreadsheetUtilities.Formula.GetHashCode">
            <summary>
            Returns a hash code for this Formula.  If f1.Equals(f2), then it must be the
            case that f1.GetHashCode() == f2.GetHashCode().  Ideally, the probability that two 
            randomly-generated unequal Formulae have the same hash code should be extremely small.
            </summary>
        </member>
        <member name="M:SpreadsheetUtilities.Formula.GetTokens(System.String)">
            <summary>
            Given an expression, enumerates the tokens that compose it.  Tokens are left paren;
            right paren; one of the four operator symbols; a string consisting of a letter or underscore
            followed by zero or more letters, digits, or underscores; a double literal; and anything that doesn't
            match one of those patterns.  There are no empty tokens, and no token contains white space.
            </summary>
        </member>
        <member name="M:SpreadsheetUtilities.Formula.OperateDouble(System.Collections.Generic.Stack{System.Double},System.Collections.Generic.Stack{System.String},System.Double)">
            <summary>
            Private helper method to handle double math. If the values stack is empty, the current token
            will get pushed onto the stack. If a high order operator * or / is on the ops stack, the operation
            will execute, else the double will go onto the values stack. 
            </summary>
            <param name="values">The values stack</param>
            <param name="ops">The operator stack</param>
            <param name="result">The double on the list</param>
        </member>
        <member name="M:SpreadsheetUtilities.Formula.OperateVariable(System.Collections.Generic.Stack{System.Double},System.Collections.Generic.Stack{System.String},System.String,System.Func{System.String,System.Double})">
            <summary>
            Private helper method to evaluate and perform operations on the variable. A lookup delegate is used to return
            double value for the given string variable. Operations are then performed on a priority basis. High level operations
            * or / are carried out or the variable is pushed onto the stack.
            </summary>
            <param name="values">Values stack of doubles</param>
            <param name="ops">Operations stack</param>
            <param name="st">Variable to evaluate</param>
            <param name="lookup">Lookup delegate to convert variable to double</param>
            <returns></returns>
        </member>
        <member name="M:SpreadsheetUtilities.Formula.isValidVar(System.String)">
            <summary>
            Private helper method that will use a regular expression to check for the validity of
            a string variable passed in. Valid variables are a string consisting of a letter or underscore
            followed by zero or more letters, digits, or underscores
            </summary>
            <param name="v">String variable to check</param>
            <returns></returns>
        </member>
        <member name="M:SpreadsheetUtilities.Formula.OverallFormulaCheck(System.Collections.Generic.List{System.String})">
            <summary>
            This private helper method scans the overall format of the formula. If the user inputs an empty formula or
            a formula with an invalid beginning or end it will throw an exception to the user.
            </summary>
            <param name="tokens">A list of the formula's tokens in string format</param>
        </member>
        <member name="M:SpreadsheetUtilities.Formula.CheckParentheses(System.Int32,System.Int32)">
            <summary>
            Private helper method that ensures balanced parentheses. Will throw if number of right and left parentheses are not equal. 
            </summary>
            <param name="left">The number of left parentheses</param>
            <param name="right">The number of right parentheses</param>
        </member>
        <member name="M:SpreadsheetUtilities.Formula.isOperator(System.String)">
            <summary>
            Private helper method that will check if given string is of the operator type +, -, *, /.
            </summary>
            <param name="o">Operator in question</param>
        </member>
        <member name="M:SpreadsheetUtilities.Formula.NextTokenCheck(System.String,System.String)">
            <summary>
            Private helper method to check the next token in the list. If the token is invalid, an error 
            will get thrown for the user. 
            </summary>
            <param name="currentToken"></param>
            <param name="nextToken"></param>
        </member>
        <member name="T:SpreadsheetUtilities.StackExtensions">
            <summary>
            Extension class for Stacks.
            </summary>
        </member>
        <member name="M:SpreadsheetUtilities.StackExtensions.isOnTop``1(System.Collections.Generic.Stack{``0},``0)">
            <summary>
            Extension method to check the top of the stack for given value. Returns false if
            stack is empty or top value does not match given value.
            </summary>
            <typeparam name="T"></typeparam>
            <param name="s">Stack<typeparamref name="T"/></param>
            <param name="val">The value to check</param>
            <returns></returns>
        </member>
        <member name="T:SpreadsheetUtilities.FormulaFormatException">
            <summary>
            Used to report syntactic errors in the argument to the Formula constructor.
            </summary>
        </member>
        <member name="M:SpreadsheetUtilities.FormulaFormatException.#ctor(System.String)">
            <summary>
            Constructs a FormulaFormatException containing the explanatory message.
            </summary>
        </member>
        <member name="T:SpreadsheetUtilities.FormulaError">
            <summary>
            Used as a possible return value of the Formula.Evaluate method.
            </summary>
        </member>
        <member name="M:SpreadsheetUtilities.FormulaError.#ctor(System.String)">
            <summary>
            Constructs a FormulaError containing the explanatory reason.
            </summary>
            <param name="reason"></param>
        </member>
        <member name="P:SpreadsheetUtilities.FormulaError.Reason">
            <summary>
             The reason why this FormulaError was created.
            </summary>
        </member>
    </members>
</doc>
